ready	folder	essay	thumbnail	manifest	height	width	format	iiif-url	attribution	source	author	description	license	label	url	attribution-url
		.													https://raw.githubusercontent.com/kent-map/kent/main/images/thumbnails/mobile-landscapes.jpg	
		.													https://raw.githubusercontent.com/kent-map/kent/main/20c/images/spade MJC.jpg	
		.													https://raw.githubusercontent.com/kent-map/kent/main/20c/images/sissinghurst2.jpg	
		.													https://iiif.juncture-digital.org/thumbnail?url=https://raw.githubusercontent.com/kent-map/kent/main/19c/images/DSCN1084.JPG	
		.													https://iiif.juncture-digital.org/thumbnail?url=https://raw.githubusercontent.com/kent-map/kent/main/20c/images/redlandscape.jpg	
		.													https://iiif.juncture-digital.org/thumbnail?url=https://raw.githubusercontent.com/kent-map/kent/main/20c/images/Jarman1.jpg	
		.													https://raw.githubusercontent.com/kent-map/kent/main/images/thumbnails/16c.jpg	
		.													https://raw.githubusercontent.com/kent-map/kent/main/images/thumbnails/17c.jpg	
		.													https://raw.githubusercontent.com/kent-map/kent/main/images/thumbnails/18c.jpg	
		.													https://raw.githubusercontent.com/kent-map/kent/main/images/thumbnails/19c.jpg	
		.													https://raw.githubusercontent.com/kent-map/kent/main/images/thumbnails/20c.jpg	
		.													https://raw.githubusercontent.com/kent-map/kent/main/images/thumbnails/21c.jpg	
		.													https://iiif.juncture-digital.org/thumbnail?url=https://raw.githubusercontent.com/kent-map/kent/main/landscape/images/IMG_2546.JPG	
		.													https://iiif.juncture-digital.org/thumbnail?url=https://raw.githubusercontent.com/kent-map/kent/main/seascape/images/Reculver towers and coast.jpg	
		.													https://iiif.juncture-digital.org/thumbnail?url=https://raw.githubusercontent.com/kent-map/kent/main/music/images/Beaney copy - Scaled and adjusted.jpg	
		.													https://raw.githubusercontent.com/kent-map/kent/main/images/thumbnails/thumbnailchaucer.jpg	
		.													https://iiif.juncture-digital.org/thumbnail?url=https://upload.wikimedia.org/wikipedia/commons/b/b3/Godmersham_%281779%29.jpg	
		.													https://raw.githubusercontent.com/kent-map/kent/main/images/thumbnails/dickens-head.jpg	
		about													https://iiif.juncture-digital.org/thumbnail?url=https://raw.githubusercontent.com/kent-map/kent/main/images/CO_in_bookshop.jpg	
		about													https://iiif.juncture-digital.org/thumbnail?url=https://raw.githubusercontent.com/kent-map/kent/main/images/claire bartram.jpg	
		about													https://iiif.juncture-digital.org/thumbnail?url=https://raw.githubusercontent.com/kent-map/kent/main/images/michelle.jpg	
		about													https://iiif.juncture-digital.org/thumbnail?url=https://raw.githubusercontent.com/kent-map/kent/main/images/lauraallen.jpg	
		about													https://iiif.juncture-digital.org/thumbnail?url=https://raw.githubusercontent.com/kent-map/kent/main/images/Pat Argar.jpg	
		about													https://iiif.juncture-digital.org/thumbnail?url=https://raw.githubusercontent.com/kent-map/kent/main/images/upsidedownsophiebaldock.jpg	
		about													https://iiif.juncture-digital.org/thumbnail?url=https://raw.githubusercontent.com/kent-map/kent/main/images/Headshot Image .jpg	
		about													https://iiif.juncture-digital.org/thumbnail?url=https://raw.githubusercontent.com/kent-map/kent/main/images/simoneblandford.jpg	
		about													https://iiif.juncture-digital.org/thumbnail?url=https://raw.githubusercontent.com/kent-map/kent/main/images/Bethia Carter.JPG	
		about													https://iiif.juncture-digital.org/thumbnail?url=https://raw.githubusercontent.com/kent-map/kent/main/images/susancivale.jpg	
		about													https://iiif.juncture-digital.org/thumbnail?url=https://raw.githubusercontent.com/kent-map/kent/main/images/carla.JPG	
		about													https://iiif.juncture-digital.org/thumbnail?url=https://raw.githubusercontent.com/kent-map/kent/main/images/duggan.jpg	
		about													https://iiif.juncture-digital.org/thumbnail?url=https://raw.githubusercontent.com/kent-map/kent/main/images/goodrum.JPG	
		about													https://iiif.juncture-digital.org/thumbnail?url=https://raw.githubusercontent.com/kent-map/kent/main/images/maggie photo Westgate.jpg	
		about													https://iiif.juncture-digital.org/thumbnail?url=https://raw.githubusercontent.com/kent-map/kent/main/images/LisaHawkins.jpg	
		about													https://iiif.juncture-digital.org/thumbnail?url=https://raw.githubusercontent.com/kent-map/kent/main/images/dianahirst.jpg	
		about													https://iiif.juncture-digital.org/thumbnail?url=https://raw.githubusercontent.com/kent-map/kent/main/images/katieholdway.JPG	
		about													https://iiif.juncture-digital.org/thumbnail?url=https://raw.githubusercontent.com/kent-map/kent/main/images/Ice cream.jpg	
		about													https://iiif.juncture-digital.org/thumbnail?url=https://raw.githubusercontent.com/kent-map/kent/main/images/Mandyjones1.jpg	
		about													https://iiif.juncture-digital.org/thumbnail?url=https://raw.githubusercontent.com/kent-map/kent/main/images/miroslava.karaskova photo.jpg	
		about													https://iiif.juncture-digital.org/thumbnail?url=https://raw.githubusercontent.com/kent-map/kent/main/images/helenakelly.JPG	
		about													https://iiif.juncture-digital.org/thumbnail?url=https://raw.githubusercontent.com/kent-map/kent/main/images/Martin Latham for author page.JPG	
		about													https://iiif.juncture-digital.org/thumbnail?url=https://raw.githubusercontent.com/kent-map/kent/main/images/petermerchant.JPG	
		about													https://iiif.juncture-digital.org/thumbnail?url=https://raw.githubusercontent.com/kent-map/kent/main/images/Dickens_House_PH.png	
		about													https://iiif.juncture-digital.org/thumbnail?url=https://raw.githubusercontent.com/kent-map/kent/main/images/peterorford.JPG	
		about													https://iiif.juncture-digital.org/thumbnail?url=https://raw.githubusercontent.com/kent-map/kent/main/images/jeremypage.jpg	
		about													https://iiif.juncture-digital.org/thumbnail?url=https://raw.githubusercontent.com/kent-map/kent/main/images/MaddieP.JPG	
		about													https://iiif.juncture-digital.org/thumbnail?url=https://raw.githubusercontent.com/kent-map/kent/main/images/maxsaunders.jpg	
		about													https://iiif.juncture-digital.org/thumbnail?url=https://raw.githubusercontent.com/kent-map/kent/main/images/jstamp.jpg	
		about													https://iiif.juncture-digital.org/thumbnail?url=https://raw.githubusercontent.com/kent-map/kent/main/images/marnie1.jpg	
		about													https://iiif.juncture-digital.org/thumbnail?url=https://raw.githubusercontent.com/kent-map/kent/main/images/ctaylor.jpeg	
		about													https://iiif.juncture-digital.org/thumbnail?url=https://raw.githubusercontent.com/kent-map/kent/main/images/petervujakovic.jpg	
		about													https://iiif.juncture-digital.org/thumbnail?url=https://raw.githubusercontent.com/kent-map/kent/main/images/Elizabeth_WS.jpg	
		about													https://iiif.juncture-digital.org/thumbnail?url=https://raw.githubusercontent.com/kent-map/kent/main/images/MartinWatts (2).JPG	
		about													https://iiif.juncture-digital.org/thumbnail?url=https://raw.githubusercontent.com/kent-map/kent/main/images/charlieworthington.jpg	
		about													https://iiif.juncture-digital.org/thumbnail?url=https://raw.githubusercontent.com/kent-map/kent/main/images/kaitlyncowling.jpg	
		about													https://iiif.juncture-digital.org/thumbnail?url=https://raw.githubusercontent.com/kent-map/kent/main/images/heathermurdoch.jpg	
	music	19c-william-longhust-biography													/music/images/callcott.jpg	
	music	index													https://iiif.juncture-digital.org/thumbnail?url=https://raw.githubusercontent.com/kent-map/kent/main/music/images/Summer.jpg	
	music	index													https://iiif.juncture-digital.org/thumbnail?url=https://raw.githubusercontent.com/kent-map/kent/main/music/images/Beaney copy - Scaled and adjusted.jpg	
	music	index													https://iiif.juncture-digital.org/thumbnail?url=https://raw.githubusercontent.com/kent-map/kent/main/music/images/cathedralimage.jpg	
	music	19c-music-canterbury													images/Beaney copy - Scaled and adjusted.jpg	
		19c-collins-biography							Elliott & Fry, Public domain, via Wikimedia Commons					Wilkie Collins, 1871 - Elliott & Fry, Public domain, via Wikimedia Commons	https://upload.wikimedia.org/wikipedia/commons/b/b6/Wilkie_Collins%2C_1871.jpg	
		19c-collins-biography							Hatofthecat, CC BY-SA 3.0 via Wikimedia Commons					North Foreland Lighthouse	https://upload.wikimedia.org/wikipedia/commons/8/84/North_Foreland_Lighthouse_about_1880.jpg	
		19c-collins-biography							Unknown author, Public domain, via Wikimedia Commons					The Barbican, Sandwich	https://upload.wikimedia.org/wikipedia/commons/d/dc/1904-08-20_front_The_Barbican_Sandwich_Kent.jpg	
		19c-conrad-biography												Bishopsbourne Village Hall Memorial Plaque © Martin Crowther	images/Bishopsbourne Village Hall - memorial plaque to Conrad 3 MJC.jpg	
		19c-conrad-biography												The Erebus and Terror among Icebergs in Dr Hartwig's The Polar World, 1886	images/ErebusandTerror.jpg	
		19c-conrad-biography												The Otago, Unknown author, Public domain, via Wikimedia Commons	https://upload.wikimedia.org/wikipedia/commons/e/e1/Otago_bark_1869.jpg	
		19c-conrad-biography												Oswalds © Martin Crowther	images/Rear of Oswalds - Bishopsbourne MJC.jpg	
		19c-conrad-biography												Joseph Conrad's grave © Kate Davies	images/conradgrave.jpg	
		19c-conrad-biography												Joseph Conrad's grave © Kate Davies	images/conradgrave.jpg	
	19c	19c-grand-biography													https://upload.wikimedia.org/wikipedia/commons/a/aa/Sarah_Grand_profile.jpg	
	19c	19c-grand-biography													images/SG passport.jpeg	
	19c	19c-jamesh-hever-castle													images/697px-Cox-Jnr-98093_-_Hever_Castle_from_the_Moat_-_circa_1850.jpg	
	19c	19c-hoodening													images/jacqueline.jpg	
	19c	19c-hoodening													images/hoodeners.jpg	
	19c	19c-hoodening													images/Hoodenhorse.jpg	
	19c	19c-shelleym-biography													images/Perkin Warbeck.jpg	
	19c	19c-barr-biography													images/Robert_Barr.jpg	
		19c-jordan-biography							© National Portrait Gallery, London					Dorothy Jordan as Lucy in 'The Virgin Unmasked' by Unknown artist, line engraving, published 1787 NPG D4418	images/Dorothy-Jordan-as-Lucy-in-The-Virgin-Unmasked.jpg	
		19c-jordan-biography							David Anstiss/ Theatre Royal, Margate					Theatre Royal, Margate	https://upload.wikimedia.org/wikipedia/commons/3/3b/Theatre_Royal%2C_Margate-geograph.org.uk-2281466.jpg	
		19c-jordan-biography							© National Portrait Gallery, London					King William IV by Sir Martin Archer Shee oil on canvas, circa 1800. NPG 2199	images/King-William-IV.jpg	
		19c-jordan-biography							© Martin Crowther					Site of Mrs Baker's Canterbury Theatre	images/orangestreet MJC.jpg	
		19c-jordan-biography							© National Portrait Gallery, London					Dorothy Jordan in the character of the 'Country Girl' by John Ogborne, after George Romney stipple engraving, published 24 June 1788 NPG D8045	images/Dorothy-Jordan-in-the-character-of-the-Country-Girl.jpg	
		19c-jordan-biography												Bettison's Library, Hawley Square, Margate, 1820	images/Bettison's Library, Hawley Square, Margate, 1820.jpg	
		19c-jordan-biography							© Martin Crowther					A theatre print of Mrs Jordan	images/jordan.JPG	
		19c-jordan-biography							Drawn by G.Shepherd					Snargate St Dover c.1830	/dickens/images/Snargate St Dover 1830.jpg	
	19c	19c-shore-biography													images/Margaret_Emily_Shore_engraving.jpg	
		19c-christian-andersen							Public domain, via Wikimedia Commons					Hans_Christian_Andersen by Thora Hallager (1821–1884)	images/HCA_by_Thora_Hallager_1869.jpg	
		19c-christian-andersen							Michael Coppins, CC BY-SA 4.0, via Wikimedia Commons					Rochester Castle from the east.jpg	https://upload.wikimedia.org/wikipedia/commons/d/d6/Rochester_Castle_from_the_east.jpg	
		19c-christian-andersen							Crico at English Wikipedia, Public domain, via Wikimedia Commons					Gads Hill Villa.jpg	https://upload.wikimedia.org/wikipedia/commons/e/ef/Gads_Hill_Villa.jpg	
		19c-christian-andersen							 Knowle Lake by Derek Harper, CC BY-SA 2.0, via Wikimedia Commons					Knowle Lake - geograph.org.uk - 1843108.jpg	https://upload.wikimedia.org/wikipedia/commons/4/47/Knowle_Lake_-_geograph.org.uk_-_1843108.jpg	
		19c-christian-andersen							Ian Capper, CC BY-SA 2.0, via Wikimedia Commons					St Botolph's Church, Chevening (Geograph Image 1888106 b4cefa87).jpg	https://upload.wikimedia.org/wikipedia/commons/0/0d/St_Botolph%27s_Church%2C_Chevening_%28Geograph_Image_1888106_b4cefa87%29.jpg	
	19c	19c-braddon-biography													/19c/images/braddon family.jpg	
	19c	19c-syrett-biography													images/page1-349px-The_Yellow_Book_-_07.djvu.jpg	
	19c	19c-grossmith-biography													https://upload.wikimedia.org/wikipedia/commons/0/0d/George_Grossmith_-_English_comic_and_actor_-_Project_Gutenberg_eBook_12223.jpg	
		19c-austen-biography												Jane Austen	images/JaneAustenCassandraWatercolour.jpg	
		19c-austen-biography							David Anstiss / Front Facade of Godmersham Park					Front Facade of Godmersham Park - geograph.org.uk	https://upload.wikimedia.org/wikipedia/commons/d/da/Front_Facade_of_Godmersham_Park_-_geograph.org.uk_-_1490002.jpg	
		19c-austen-biography							Penny Mayes / Eastwell Manor Hotel, Boughton Lees					Eastwell Manor Hotel, Boughton Lees - geograph.org.uk	https://upload.wikimedia.org/wikipedia/commons/7/77/Eastwell_Manor_Hotel%2C_Boughton_Lees_-_geograph.org.uk_-_129089.jpg	
		19c-austen-biography							N. Chadwick / The Red House					The Red House, Sevenoaks -geograph.org	https://upload.wikimedia.org/wikipedia/commons/3/31/The_Red_House%2C_Sevenoaks-geograph.org-3419824.jpg	
	19c	19c-jerome-biography													images/Jerome_K._Jerome.jpg	
	19c	19c-reynoldsgwm-biography													images/Mary Price on Dover Beach.jpg	
	19c	19c-reynoldsgwm-biography													/dickens/images/TurnerDoverD18185410.jpg	
	19c	19c-chatham-dockyard													images/The_Medway_Chatham_England-LCCN2002711859.jpg	
	19c	19c-folkestone-free-library													images/geograph-6441598-by-Wayland-Smith.jpg	
	19c	19c-folkestone-free-library													images/library indicator1.jpg	
	19c	19c-folkestone-free-library													images/kippsinfolkestonelibrary.jpg	
	19c	19c-seaside													images/Margatefromtheparade.jpg	
	19c	19c-keats-margate													images/bettisonslibrary.jpg	
	19c	19c-burnand-biography													https://upload.wikimedia.org/wikipedia/commons/thumb/7/71/Francis_Burnand.png/256px-Francis_Burnand.png	
		19c-darwin-biography												Charles Darwin/ Julia Margaret Cameron, Public domain, via Wikimedia Commons	https://upload.wikimedia.org/wikipedia/commons/a/ae/Charles_Darwin_by_Julia_Margaret_Cameron_3.jpg	
		19c-darwin-biography												Tree of Life/ Ernst Haeckel, Public domain, via Wikimedia Commons	https://upload.wikimedia.org/wikipedia/commons/d/de/Tree_of_life_by_Haeckel.jpg	
		19c-darwin-biography												Down House/ Anthonyeatworld at the English Wikipedia, CC BY-SA 3.0, via Wikimedia Commons	https://upload.wikimedia.org/wikipedia/commons/6/6d/Down_House.jpg	
		19c-darwin-biography												Pitcher plant (Nepenthaceae: insectivorous)/ Ernst Haeckel, Public domain, via Wikimedia Commons	https://upload.wikimedia.org/wikipedia/commons/7/74/Haeckel_Nepenthaceae.jpg	
	19c	19c-folkestone													images/leasonawindyday.jpg	
		19c-blackmore-biography							© National Portrait Gallery, London					Richard Doddridge Blackmore by Frederick John Jenkins, published by Sampson Low, Marston & Co Ltd heliogravure, after 1885 NPG x7343	images/Richard-Doddridge-Blackmore.jpg	
		19c-blackmore-biography							J. M. W. Turner, Public domain, via Wikimedia Commons					Somer Hill, Tonbridge, Joseph Mallord William Turner	https://upload.wikimedia.org/wikipedia/commons/d/db/Joseph_Mallord_William_Turner_%281775-1851%29_-_Somer_Hill%2C_Tonbridge_-_NG_1614_-_National_Galleries_of_Scotland.jpg	
		19c-blackmore-biography							Michelle Crowther					Kentish cherries	images/cherries.jpg	
		19c-blackmore-biography							Chris Gunns / Farmland, Wrotham Waters					Wrotham Water	https://upload.wikimedia.org/wikipedia/commons/f/f4/Farmland%2C_Wrotham_Water_-_geograph.org.uk_-_839286.jpg	
		19c-franklin-biography												Sir John Franklin	images/franklin.jpg	
		19c-franklin-biography												Illustration of the ships Erebus and Terror leaving Greenhithe. Published in the Illustrated London News, 24th May 1845, p. 328.	images/erebus.jpg	
		19c-franklin-biography												Franklin Pub	images/Franklinpub.jpg	
	20c	20c-wynne-biography													images/lovemist.jpg	
	20c	20c-ferguson-biography													images/road of remembrance MC.jpg	
		20c-belgian-refugees							Folkestone Museum					Belgian Refugees	images/arrivalofbelgiansFMuseum.jpg	
		20c-belgian-refugees							Folkestone Museum					Belgian Refugees	images/arrivalofbelgiansFMuseum.jpg	
	20c	20c-hop-picking													/20c/images/OasthousesMJC.jpg	
	20c	20c-hop-picking													/20c/images/Hop pickers.jpg	
	20c	20c-folkestone-ww1													images/The Doorway of England A80069-72.jpg	
	20c	20c-folkestone-ww1													images/White Feather play.jpg	
		20c-cohen-biography												The Coach House, Ballards, Near Goudhurst, in 1963. Photo: Alfred Cohen Archive	images/ballards.jpg	
		20c-cohen-biography												Alfred Cohen, Hedgecutting and Harvesting, 1969, oil on canvas, 40 x 28 in; 101.6 x 71.1 cm. © The Artist’s Estate. Believed to have been overpainted. Slide, Alfred Cohen Archive	images/hedgecutting.JPG	
		20c-cohen-biography												Alfred Cohen, Near Goudhurst, 1965, oil on board, 9.75 x 11.in; 24.8 x 29.9 cm. © The Artist’s Estate. Collection: Diana Cohen. Photo: Peter Huggins	images/neargoudhurst.jpg	
		20c-cohen-biography												Red Landscape in Kent, 1965, oil on canvas, 18 x 22 in; 45.7 x 55.9 cm. Alfred Cohen Art Foundation; gift of Michael and Jill Barrington. © The Artist’s Estate. Photo: Peter Huggins	images/redlandscape.jpg	
		20c-cohen-biography												Copden House in 1970. Photo: Alfred Cohen Archives	images/copden.jpg	
		20c-cohen-biography												Copden House in 1974. Photo: Alfred Cohen Archive	images/copden1974.jpg	
		20c-cohen-biography												Alfred Cohen, Folkestone, 1974, oil on hardboard, 16 x 20 in; 40.6 x 50.8 cm. © The Artist’s Estate. Private Collection. Photo: Peter Huggins	images/folkestone.jpg	
		20c-cohen-biography												Scullsgate Oast, Benenden, c. 1978. Photo: Alfred Cohen Archive	images/scullsgate.jpg	
		20c-cohen-biography												Alfred Cohen in his studio at Scullsgate Oast, 1978. Photo: Alfred Cohen Archive.	images/cohenstudio.jpg	
		20c-cohen-biography												Alfred Cohen, The Walmer Lifeboat and the Goodwin Sands, 1964, casein on board, 18 x 24 in; 45.7 x 61 cm. © The Artist’s Estate. Photo: Peter Huggins. Arts Council England	images/walmerlifeboat.jpg	
	20c	20c-craig-biography													images/Edith Craig.JPG	
		20c-wellshg-biography							Library of the London School of Economics and Political Science, No restrictions, via Wikimedia Commons					H.G.	https://upload.wikimedia.org/wikipedia/commons/5/54/H._G._Wells%2C_c.1890.jpg	
		20c-wellshg-biography							British Museum, Public domain, via Wikimedia Commons					Sandgate, 1892	https://upload.wikimedia.org/wikipedia/commons/0/02/Sandgate%2C_Kent_%28BM_1892%2C0714.10%29.jpg	
		20c-wellshg-biography							© Martin Crowther.					20, Castle Road	images/castlerd MJC.jpg	
		20c-wellshg-biography							By permission of Alan Taylor, Folkestone Local History Society					Spade House	images/Spade House.jpg	
		20c-wellshg-biography												Spade House	images/Spade House 2 .jpg	
		20c-wellshg-biography							© Michelle Crowther					Kipps Alehouse, Folkestone, 2021	images/Kipps MJC.jpg	
		20c-wellshg-biography							Photochrom Print Collection, Public domain, via Wikimedia Commons					The Promenade, Sandgate	https://upload.wikimedia.org/wikipedia/commons/9/9e/The_promenade%2C_Sandgate%2C_England-LCCN2002708091.jpg	
		20c-wellshg-biography							© Martin Crowther					Spade House, 2021	images/spade MJC.jpg	
	20c	20c-maxwelld-biography													images/maxwell1.jpg	
	20c	20c-maxwelld-biography													images/maxwell2.jpg	
		20c-jarman-biography							Alexandra Loske					Prospect Cottage	images/Jarman1.jpg	
		20c-jarman-biography							Alexandra Loske					Dungeness.	images/Jarman3.jpg	
		20c-jarman-biography							Alexandra Loske					Dungeness	images/Jarman4.jpg	
		20c-powell-cotton							Quex Park Museum					Tony	20c/images/Tony Archaeologist.jpg	
		20c-powell-cotton							Quex Park Museum					Truck, Tony and Joao.jpg	20c/images/1936 R2-12 Our truck Tony and Joao.jpg	
		20c-powell-cotton							Quex Park Museum					Tony gathering straw, Angola, 1937	20c/images/1937 Angola Jemima stuck.jpg	
	20c	20c-holt-biography													images/The Goodwin Sands img-019.jpg	
	20c	20c-rupert-bear													/21c/images/RupertMJC.jpg	
	20c	20c-rupert-bear													/20c/images/chaucerhotel.jpg	
		20c-secret-tunnels							Postcard c.1920s					Roman Pharos, Dover	images/Roman Pharos.jpg	
		20c-secret-tunnels							George Chambers, Public domain, via Wikimedia Commons					George Chambers (1803-40) - A View of Dover - RCIN 405276 - Royal Collection	https://upload.wikimedia.org/wikipedia/commons/4/47/George_Chambers_%281803-40%29_-_A_View_of_Dover_-_RCIN_405276_-_Royal_Collection.jpg	
		20c-secret-tunnels							Sakralamn, CC BY-SA 4.0, via Wikimedia Commons					Dover Castle, Officer's Mess	https://upload.wikimedia.org/wikipedia/commons/1/16/Dover_Castle_005.jpg	
		20c-secret-tunnels							Brooke Altringham					Illustration of the secret war tunnels at Dover	images/brooke.jpg	
		20c-secret-tunnels							War Office official photographer, Public domain, via Wikimedia Commons					Photograph of a dummy tank, Dover	https://upload.wikimedia.org/wikipedia/commons/5/54/Dummy_Vehicles_and_Equipment_USED_For_Deception_during_the_Second_World_War_H42531.jpg	
		20c-secret-tunnels							Egghead06, Public domain, via Wikimedia Commons					Sir Bertram Ramsay Statue, Dover	https://upload.wikimedia.org/wikipedia/commons/6/64/RamsayStatueDover.JPG	
	20c	20c-maugham-biography													images/thumbnail_somersetmauagham.jpg	
		20c-forster-em-biography							Nigel Chadwick, CC BY-SA 2.0 <https://creativecommons.org/licenses/by-sa/2.0>, via Wikimedia Commons						images/Tonbridge_School_-_geograph.org.uk_-_1542050.jpg	
		20c-forster-em-biography							Poliphilo, CC0, via Wikimedia Commons						images/North_Downs_at_Trottiscliffe.jpg	
	20c	20c-st-john-biography													images/christopherstjohn.jpg	
		20c-bowen-biography							Lewis, Arthur D, Public domain, via Wikimedia Commons					Lewis, Arthur D, The Kent Coast	images/The_Kent_coast_(IA_kentcoast00lewirich).jpg	
		20c-bowen-biography							Wilrooij, CC BY-SA 4.0, via Wikimedia Commons					Rosa 'Dorothy Perkins' (Jackson & Perkins, 1901)	https://upload.wikimedia.org/wikipedia/commons/a/aa/Rosa_%27Dorothy_Perkins%27_01.jpg	
		20c-bowen-biography							Diana Hirst					Folkestone	images/bowenfolkestone.jpg	
		20c-bowen-biography							H. G. Wells, Public domain, via Wikimedia Commons					H. G. Wells	https://upload.wikimedia.org/wikipedia/commons/7/7f/H_G_Wells_pre_1922.jpg	
		20c-bowen-biography							Photochrom Print Collection, Public domain, via Wikimedia Commons					The Leas, Folkeston	https://upload.wikimedia.org/wikipedia/commons/f/f3/The_Lees_-i.e.%2C_Leas-%2C_Folkestone%2C_England-LCCN2002696746.jpg	
		20c-bowen-biography							Duncharris at the English language Wikipedia, CC BY-SA 3.0, via Wikimedia Commons					Down House	https://upload.wikimedia.org/wikipedia/commons/f/f7/Down_House_RC.jpg	
		20c-bowen-biography							Photographed by Martin Crowther					Bleak House, Broadstairs	images/Bleak House Broadstairs MJC.jpg	
		20c-bowen-biography							Nick Smith / High tide on the River Stour, near Gazen Salts, Sandwich via Wikimedia Commons					High tide on the River Stour, near Gazen Salts, Sandwich	https://upload.wikimedia.org/wikipedia/commons/6/61/High_tide_on_the_River_Stour%2C_near_Gazen_Salts%2C_Sandwich_-_geograph.org.uk_-_736584.jpg	
		20c-bowen-biography							Poliphilo, CC0, via Wikimedia Commons					Romney Marsh from Lympne	https://upload.wikimedia.org/wikipedia/commons/8/8a/Romney_Marsh_from_Lympne.JPG	
		20c-bowen-biography							DeFacto, CC BY-SA 4.0, via Wikimedia Commons					St Leonard's Church, Hythe	https://upload.wikimedia.org/wikipedia/commons/2/27/St_Leonard%27s_church%2C_Hythe.jpg	
		20c-sackville-west-biography												Sissinghurst	images/sissinghurst2.jpg	
		20c-sackville-west-biography							George Grantham Bain Collection (Library of Congress)., Public domain, via Wikimedia Commons					Hon Mrs Nicholson	https://upload.wikimedia.org/wikipedia/commons/8/8e/Hon_Mrs_Nicholson_cropped.jpg	
		20c-sackville-west-biography							Colin Smith / Groombridge Place and Moat					Groombridge Place	https://upload.wikimedia.org/wikipedia/commons/a/a8/Groombridge_Place_and_Moat._-_geograph.org.uk_-_170963.jpg	
		20c-sackville-west-biography							Carolyn Oulton					Sissinghurst Castle	images/sissinghurstpostcard.jpg	
		20c-sackville-west-biography							image taken from the print version of her play The Coronation published in 1912 -Photographed by Marie Leon					Christopher St John	images/christopherstjohn.jpg	
		20c-sackville-west-biography							Nigel Chadwick, CC BY-SA 2.0 https://creativecommons.org/licenses/by-sa/2.0, via Wikimedia Commons					Trinity Church, Sissinghurst	https://upload.wikimedia.org/wikipedia/commons/d/d4/Trinity_Church%2C_Sissinghurst_-_geograph.org.uk_-_1803168.jpg	
		20c-sackville-west-biography							Klaus D. Peter, Wiehl, Germany, CC BY 2.0 DE <https://creativecommons.org/licenses/by/2.0/de/deed.en>, via Wikimedia Commons					Sissinghurst Gardens	https://upload.wikimedia.org/wikipedia/commons/0/05/Sissinghurst_castle.JPG	
		20c-sackville-west-biography												Cover of Sissinghurst by Vita Sackville-West	images/sissinghurstcover.jpg	
		20c-tourtel-biography												©Canterbury Museums and Galleries. Mary Tourtel at her home in Palace Street, Canterbury. Circa 1895.	images/tourtelcantmus.jpg	
		20c-tourtel-biography												The Sidney Cooper Gallery © Martin Crowther	/20c/images/sidneycooper.jpg	
		20c-tourtel-biography												©Canterbury Museums and Galleries. Three Little Foxes.	images/tourtel4cantmus.jpg	
		20c-tourtel-biography												©Canterbury Museums and Galleries. Gentleness from ‘Horses at Work’.	images/tourtel3cantmus.jpg	
		20c-tourtel-biography												©Canterbury Museums and Galleries. Kicking from ‘Horses at Work’.	images/tourtel2cantmus.jpg	
		20c-tourtel-biography												©Canterbury Museums and Galleries. Canterbury Cloisters.	images/tourtel5cantmus.jpg	
		20c-tourtel-biography												© Martin Crowther	images/tourtelgrave.jpg	
	20c	20c-waterer-biography													images/GettyImages-1053502770 Gladys Waterer1.jpg	
		20c-powell-cotton-biography DELETE							Quex Park Museum					Tony	images/Tony Archaeologist.jpg	
		20c-powell-cotton-biography DELETE							Quex Park Museum					Truck, Tony and Joao.jpg	images/1936 R2-12 Our truck Tony and Joao.jpg	
	20c	20c-terry-biography													images/thumbnail_ET-and-HI-72.jpg	
	20c	20c-eliot-biography													/20c/images/eliot3.JPG	
	20c	20c-eliot-biography													/20c/images/eliot1.JPG	
	20c	20c-eliot-biography													/20c/images/eliot2.JPG	
		20c-richborough												Richborough Ferry 1916-1919	images/thumbnail_Richborough Ferry 1916-19 PC19-077.jpg	
		20c-richborough							Lisa Hawkins					Path in the Wantsum Kent	images/Path in the Wantsum Kent.jpg	
		20c-richborough												Richborough Ferry 1916-19	images/thumbnail_Unloading Train Ferry 1919.jpg	
	20c	20c-winbolt-biography													images/RomanFolkestone by Winbolt MJC.jpg	
	20c	20c-winbolt-biography													images/Roman Folkestone inside MJC.jpg	
		20c-fordmadoxford-biography							not stated, Public domain, via Wikimedia Commons				Public Domain	Ford Madox Heuffer.	https://upload.wikimedia.org/wikipedia/commons/6/67/Picture_of_Ford_Madox_Hueffer.jpg	
		20c-fordmadoxford-biography							Christopher Hilton / Pent Farm, Postling				Creative Commons Attribution Share-alike license 2.0	Pent Farm, Postling.	https://upload.wikimedia.org/wikipedia/commons/6/6e/Pent_Farm%2C_Postling_%28geograph_3467328%29.jpg	
		edwin-drood-curated-walk							Benjamin Mortley					Rochester Cathedral	https://stor.artstor.org/stor/44be2f2c-2f9a-48a2-8cc2-e009206ac344	
		edwin-drood-curated-walk							Poliphilo, CC0, via Wikimedia Commons					Rochester Cathedral Crypt	https://upload.wikimedia.org/wikipedia/commons/9/9e/Rochester_Cathedral_crypt_1.jpg	
		edwin-drood-curated-walk							Benjamin Mortley					The Gatehouse	https://stor.artstor.org/stor/4eeec435-8628-4798-b754-cdfb0f2a094e	
		edwin-drood-curated-walk							Benjamin Mortley					College Gate	https://stor.artstor.org/stor/bf19e774-7bbc-468e-b913-61257c0eb034	
		edwin-drood-curated-walk							Benjamin Mortley					Chalet	https://stor.artstor.org/stor/11fbd10c-4977-45e6-8713-df4c593a5574	
		edwin-drood-curated-walk							Benjamin Mortley					Eastgate House	https://stor.artstor.org/stor/4bcb5ff3-1a7b-4d15-943d-36c283e418e0	
		edwin-drood-curated-walk												Miss Twinkleton's Fine Coffee House	images/Fig 5 Miss Twinkleton's Fine Coffee House.jpg	
		edwin-drood-curated-walk							Benjamin Mortley					Rochester High Street	https://stor.artstor.org/stor/2cfcb41f-c781-4914-96e3-48310cb5c5c4	
		edwin-drood-curated-walk							Michelle Crowther					Minor Canon Row	images/Fig 6 Minor Cannon Row.jpg	
		edwin-drood-curated-walk												1870 Title page	images/Fig 7 1870 title page.jpg	
		edwin-drood-curated-walk							N Chadwick, CC BY-SA 2.0 via Wikimedia Commons					Derelict Slipway, River Medway	https://upload.wikimedia.org/wikipedia/commons/a/a0/Derelict_Slipway%2C_River_Medway_-_geograph.org.uk_-_1844091.jpg	
		dickens-medway												Dickens Inn	images/Dickens Inn.jpg	
		dickens-medway												Dickens World Site	images/Dickens World.jpg	
		dickens-medway												Charles Dicken's sign - Higham	images/thumbnail_2Charles Dickens sign Higham.jpg	
		dickens-medway												Sir John Falstaff	images/Sir John Falstaff.jpg	
		dickens-medway												Cheese Room	images/Cheese room.jpg	
		dickens-medway												House Wine emporium	images/Wine emporium.jpg	
		dickens-medway												Dickens Inn	images/Dickens Inn.jpg	
		dickens-medway												Gads Hill steps	images/Gads steps.jpg	
	dickens	great-expectations-cooling													images/Cooling.JPG	
	dickens	great-expectations-cooling													images/Cooling churchyard.jpg	
		dickens-fort-house												Broadstairs	images/broadstairsCO.JPG	
		dickens-fort-house												Bleak House -Fort House - as Dickens would have known it ©Elgate Postcards, Margate	images/Bleak House in the time of Dickens.JPG	
		dickens-fort-house												Early 20C postcard of Bleak House (formerly Fort House)	images/Bleak_house_postcard.jpg	
		dickens-fort-house							Collection of the Canton Museum of Art, Purchased by the Canton Museum of Art, 2017.83					Childe Hassam, Bleak House, Broadstairs, 1889	images/HassamHIGHRES.jpg	
		dickens-fort-house							Martin Crowther					Broadstairs	images/Bleak House Broadstairs MJC.jpg	
	dickens	dickens-dover													images/Dover postcard.jpg	
	dickens	great-expectations-ship-and-lobster													images/Ship and Lobster.JPG	
	dickens	great-expectations-ship-and-lobster													images/Ship and Lobster.JPG	
	dickens	david-copperfield-nuckells-place													images/Dickens_House.jpg	
		broadstairs-19th-century							©The British Library Boardc13874-68					Broadstairs	images/c13874-68 Broadstairs.jpg	
		broadstairs-19th-century							©ICVWW					M.E. Braddon and family	/19c/images/braddon family.jpg	
		broadstairs-19th-century							Snapshots Of  The Past, CC BY-SA 2.0, via Wikimedia Commons					York Gate, Broadstairs	https://upload.wikimedia.org/wikipedia/commons/c/ca/York_Gate_Broadstairs_England.jpg	
		broadstairs-19th-century							The Magic Posters Collection, Harry Ransom Center, The University of Texas at Austin					Bosco at the Assembly Rooms, Broadstairs, undated playbill with 1871 program attached	images/p15878coll5_69_large.jpg	
		broadstairs-19th-century							©The British Library Board c029084022-089 Evan.2795					Alfred Capper	images/AlfredCapper.jpg	
		broadstairs-19th-century							Unknown authorUnknown author, Public domain, via Wikimedia Commons					From the gardens, Broadstairs	https://upload.wikimedia.org/wikipedia/commons/8/8a/From_the_gardens%2C_Broadstairs%2C_England.jpg	
		broadstairs-19th-century							National Gallery of Ireland, Public domain, via Wikimedia Commons					Sir Robert Staples, 12th Baronet: On the Beach, Broadstairs, 1899	https://upload.wikimedia.org/wikipedia/commons/0/00/On_the_Beach%2C_Broadstairs%2C_Kent_.PNG	
	dickens	david-copperfield-goodwin-sands													images/the-wreck-on-the-goodwin-sands.jpg	
	dickens	19c-ramsgate													images/RamsgateandMargate.jpg	
	dickens	dickens-folkestone													images/smaller pavilionstone.JPG	
	dickens	bleak-house-deal													images/c13874-66 Deal Castle.jpg	
	dickens	tale-two-cities													images/doverroad.jpg	
	dickens	tale-two-cities													images/MilleniumMuralMJC.jpg	
	dickens	tale-two-cities													images/Snargate St Dover 1830.jpg	
		mobile-landscapes													images/Dickens_Land_books.jpg	
		mobile-landscapes												Broadstairs	images/Broadstairs.jpg	
		mobile-landscapes							tbd					Postcard of Bleak House 1909	images/Postcard of Bleak House 1909.jpg	
		mobile-landscapes							Childe Hassam (American, 1859-1935). Watercolor on paper, 13 1/2 x 9 3/4 in. Canton Museum of Art Collection, Canton, Ohio, USA, 2017.83					Bleak House, Broadstairs, 1889	images/HassamHIGHRES.jpg	
		mobile-landscapes							tbd					Aunt Betsey's parlour © Carolyn Oulton	images/Dickens_House_PH.png	
		mobile-landscapes							tbd					Cream tea	images/Cream tea BH.jpg	
		mobile-landscapes							tbd					Little Inn, Dickens Land	images/In Dickens Land. The Little Inn, Canterbury.JPG	
		mobile-landscapes		https://raw.githubusercontent.com/kent-map/kent/main/manifests/folkestone.json												
		mobile-landscapes												Chalk Church ©Ken Moffat	images/Chalk Church.jpg	
		mobile-landscapes												Forge Cottage, Chalk ©Ken Moffat	images/Forge Cottage Chalk.JPG	
		mobile-landscapes												Cooling Churchyard	images/Cooling churchyard.jpg	
		mobile-landscapes												Ship and Lobster *©Ken Moffat*	images/Ship and Lobster.JPG	
		mobile-landscapes							http://www.victorianweb.org/authors/dickens/gallery/111.html					Cobham, Kent: The Leather Bottle	http://www.victorianweb.org/authors/dickens/gallery/111.jpg	
		mobile-landscapes												Bull Inn	images/Bull-Hotel-postcard-Rochester.jpg	
		mobile-landscapes												Restoration House 	images/RestorationHouse.JPG	
		mobile-landscapes							Wikimedia Commons					Guild Hall, Rochester	https://upload.wikimedia.org/wikipedia/commons/7/70/GuildhallRochester.jpg	
		mobile-landscapes							Wikimedia Commons					Eastgate House, Rochester High St.	https://upload.wikimedia.org/wikipedia/commons/6/64/Eastgate_House%2C_Rochester_High_St.JPG	
		mobile-landscapes												Gad's Hill In Dickens Land 	images/Gadshill In Dickens Land.JPG	
		mobile-landscapes												Charles Dickens with his two daughters	https://upload.wikimedia.org/wikipedia/commons/2/22/Charles_Dickens_with_his_two_daughters_by_Mason_%26_Co_%28Robert_Hindry_Mason%29.jpg	
		mobile-landscapes												Gads1866. ©The British Library Board Maps 67463	images/Gads1864067463.jpg	
		mobile-landscapes													images/CDMamieKatie.jpg	
		great-expectations-restoration-house							Scanned image and text by Philip V. Allingham, www.victorianweb.org					Restoration House, Crow Lane, Rochester, Kent by Ernest William Haslehust (1866-1949), RI, RWA 1911	images/satis house.jpg	
		great-expectations-restoration-house							Benjamin Mortley					Restoration House	https://stor.artstor.org/stor/3c4c6ac1-83f5-4506-b071-fa8fb35f90bc	
		great-expectations-restoration-house							Benjamin Mortley					Restoration House	https://stor.artstor.org/stor/9951b7cc-f35d-493e-ad88-077859ca1919	
		great-expectations-restoration-house							Benjamin Mortley					Restoration House	https://stor.artstor.org/stor/08a01877-5172-46fe-ba14-108ac56bf37b	
	dickens	great-expectations-guildhall													images/guildhallrochester.jpg	
		pickwick-papers-leather-bottle							Scan by Philip V. Allingham, www.victorianweb.org					Leather Bottle	images/leather-bottle.jpg	
		pickwick-papers-leather-bottle							Benjamin Mortley					Leather Bottle	https://stor.artstor.org/stor/5aae08bd-3755-49e9-b144-25809d990abe	
		pickwick-papers-leather-bottle							Benjamin Mortley					Leather Bottle	https://stor.artstor.org/stor/5aae08bd-3755-49e9-b144-25809d990abe"	
		pickwick-papers-leather-bottle							Benjamin Mortley					Leather Bottle	https://stor.artstor.org/stor/e3cea4a0-257a-41c5-836a-6a9a7e73be07	
	dickens	19c-kent													images/1820_map_of_Kent_EK_U133_image_1.jpg	
		david-copperfield-curated-walk												Cover of serial, _David Copperfield_ by Charles Dickens	images/Copperfield_cover_serial.jpg	
		david-copperfield-curated-walk												The Micawbers at Canterbury		
		david-copperfield-curated-walk												The Eldest Miss Larkins	images/The Eldest Miss Larkins T00072-21.jpg	
	dickens	david-copperfield-curated-walk													images/Heep of Infamy M00002-10.jpg	
	dickens	19c-dover													images/DoverCastle.jpg	
	dickens	19c-dover													images/FortAmherst.jpg	
	dickens	19c-dover													images/DoverfromShakespearsCliff.jpg	
		edwin-drood-eastgate-house							Benjamin Mortley					Eastgate House	https://stor.artstor.org/stor/4bcb5ff3-1a7b-4d15-943d-36c283e418e0	
		edwin-drood-eastgate-house							Benjamin Mortley					Bull Hotel	https://stor.artstor.org/stor/71d79942-8b89-4986-93c1-26ac1891d108	
		edwin-drood-eastgate-house							Benjamin Mortley					Swiss Chalet	https://stor.artstor.org/stor/f4286803-649c-4c6d-8399-444096dc1eb9	
		edwin-drood-eastgate-house							Benjamin Mortley					Eastgate House	https://stor.artstor.org/stor/9aff6e05-5788-4668-a69b-fbf5f2b7006b	
	dickens	great-expectations-comports													images/Cooling churchyard.jpg	
	dickens	dickens-swiss-chalet													images/swiss chalet1.jpg	
		dickens-gads-hill							©The British Library Board Maps CC.5.C.2. Plate 2					Gads southview	images/Gadsgroundplan.JPG	
		dickens-gads-hill							Benjamin Mortley					Gads Hill	https://stor.artstor.org/stor/5c3cfffa-911e-44cf-ab35-28b94bf80418	
		dickens-gads-hill							©The British Library Board Maps CC.5.C.2. Plate 1					Gads plan	images/Gadsplan.JPG	
		david-copperfield-dover-road												Moule's County Maps: the East and South-East of England. Bracken Books, 1994.	images/Moule.jpg	
		david-copperfield-dover-road												John Speed's England : a coloured facsimile of the maps and text from the theatre of the Empire of Great Britaine, first edition, 1611 / Pt. 2, Kent, Sussex, Surrey, Berkshire, Middlesex, Essex, Suffolk, Norfolk, Hertfordshire, Buckinghamshire. John Arlott, ed. Pheonix, 1953.	images/Speed.jpg	
		david-copperfield-dover-road												O.S. map of Kent 1873. Reproduced with the permission of the National Library of Scotland.	images/OS1873.jpg	
	dickens	index													https://iiif.juncture-digital.org/thumbnail?url=https://raw.githubusercontent.com/kent-map/kent/main/dickens/images/Chatham%20Dockyard.jpg	
	dickens	index													https://iiif.juncture-digital.org/thumbnail?url=https://raw.githubusercontent.com/kent-map/kent/main/dickens/images/dickens_head.jpg	
	dickens	index													https://iiif.juncture-digital.org/thumbnail?url=https://raw.githubusercontent.com/kent-map/kent/main/dickens/images/Grammar_School_Gate_Rochester.jpg	
	dickens	index													https://iiif.juncture-digital.org/thumbnail?url=https://raw.githubusercontent.com/kent-map/kent/main/dickens/images/Broadstairs.jpg	
	dickens	index													https://iiif.juncture-digital.org/thumbnail?url=https://raw.githubusercontent.com/kent-map/kent/main/dickens/images/1200px-2006SweepsCath1crop.jpg	
	dickens	index													https://iiif.juncture-digital.org/thumbnail?url=https://raw.githubusercontent.com/kent-map/kent/main/dickens/images/1200px-Mystery_of_edwin_drood_0188.jpg	
	dickens	index													https://iiif.juncture-digital.org/thumbnail?url=https://www.gutenberg.org/files/98/98-h/images/0414.jpg	
	dickens	broadstairs													/dickens/images/Broadstairs from Bleak House.jpg	
	dickens	19c-leather-and-dust													/dickens/images/Macadam.jpg	
	dickens	19c-leather-and-dust													/dickens/images/DCshoeswaiter.jpg	
	dickens	19c-leather-and-dust													/dickens/images/DCaunt.jpg	
	dickens	dickens-staplehurst													images/Staplehurst.jpg	
	dickens	pickwick-papers													images/ppwrapper.jpg	
	dickens	pickwick-papers													images/pickwick-papers-victorian-web.jpg	
	dickens	about													images/CO_in_bookshop.jpg	
	dickens	about													images/Dickens_House_PH.png	
	dickens	about													images/michelle.jpg	
	dickens	about													images/Elizabeth_WS.jpg	
	dickens	about													images/labs.jpg	
	dickens	david-copperfield-canterbury													images/In Dickens Land. The Little Inn, Canterbury.JPG	
	dickens	dickens-chatham													images/Chatham Dockyard.jpg	
	dickens	19c-margate													images/AViewatMargatemaps_k_top_17_4_d.jpg	
	dickens	19c-margate													images/Margatefromtheparade.JPG	
	dickens	19c-margate													images/distantMargate.jpg	
	dickens	dickens-biography													images/dickens_head.jpg	
	dickens	dickens-biography													images/Bleak_house_postcard.jpg	
		great-expectations-curated-walk												The marshes	images/Cooling_Marshes.jpg	
		great-expectations-curated-walk												West View of the City of Rochester	images/Rochester_1828.jpg	
		great-expectations-curated-walk												Pip at the finger post	images/Pipatpost.jpg	
		great-expectations-curated-walk												Restoration House	images/RestorationHouse.JPG	
		great-expectations-curated-walk													images/Ship_and_Lobster.jpg	
		17c-behn-biography												Aphra Behn by Peter Lely, Public domain, via Wikimedia Commons	https://upload.wikimedia.org/wikipedia/commons/f/fb/Aphra_Behn_by_Peter_Lely.jpg	
		17c-behn-biography												Oroonoko title page, 1688, ,via Wikimedia Commons	https://upload.wikimedia.org/wikipedia/commons/0/02/Behn_Oroonoko_title_page.1688.jpg	
		17c-behn-biography												Aphra	https://upload.wikimedia.org/wikipedia/commons/d/d0/Aphra_Behn.jpg	
		14c-chaucer							Martin Crowther					Geoffrey Chaucer Statue, Canterbury - sculpted by Sam Holland and Lynn O'Dowd, 2018	images/chaucer.JPG	
		14c-chaucer							Martin Crowther					Site of the Cheker of Hope, Canterbury	images/Checker of Hope - Copyright Martin Crowther.JPG	
		14c-chaucer							Photographed by Martin Crowther					The End of the Pilgrim's Way	images/IMG_2476.JPG	
		14c-chaucer							Photographed by Martin Crowther					The Pilgrim's Guide to Canterbury	images/The Pilgrims Guide to Canterbury - Copyright Martin Crowther.JPG	
	canterbury	index													https://iiif.juncture-digital.org/thumbnail?url=https://raw.githubusercontent.com/kent-map/kent/main/canterbury/images/xxx.JPG	
	canterbury	index													https://iiif.juncture-digital.org/thumbnail?url=https://raw.githubusercontent.com/kent-map/kent/main/canterbury/images/xxx.JPG	
	canterbury	index													https://iiif.juncture-digital.org/thumbnail?url=https://raw.githubusercontent.com/kent-map/kent/main/canterbury/images/xxx.JPG	
	canterbury	index													https://iiif.juncture-digital.org/thumbnail?url=https://raw.githubusercontent.com/kent-map/kent/main/canterbury/images/xxx.JPG	
	canterbury	index													https://iiif.juncture-digital.org/thumbnail?url=https://raw.githubusercontent.com/kent-map/kent/main/canterbury/images/xxx.JPG	
	canterbury	index													https://iiif.juncture-digital.org/thumbnail?url=https://raw.githubusercontent.com/kent-map/kent/main/canterbury/images/xxx.JPG	
	canterbury	index													https://iiif.juncture-digital.org/thumbnail?url=https://raw.githubusercontent.com/kent-map/kent/main/canterbury/images/xxx.JPG	
	canterbury	index													https://iiif.juncture-digital.org/thumbnail?url=https://raw.githubusercontent.com/kent-map/kent/main/canterbury/images/xxx.JPG	
	canterbury	index													https://iiif.juncture-digital.org/thumbnail?url=https://raw.githubusercontent.com/kent-map/kent/main/canterbury/images/xxx.JPG	
	canterbury	index													https://iiif.juncture-digital.org/thumbnail?url=https://raw.githubusercontent.com/kent-map/kent/main/canterbury/images/xxx.JPG	
	seascape	index													https://iiif.juncture-digital.org/thumbnail?url=https://raw.githubusercontent.com/kent-map/kent/main/19c/images/Margatefromtheparade.jpg	
	seascape	index													https://iiif.juncture-digital.org/thumbnail?url=https://raw.githubusercontent.com/kent-map/kent/main/19c/images/The_Medway_Chatham_England-LCCN2002711859.jpg	
	seascape	index													https://iiif.juncture-digital.org/thumbnail?url=https://raw.githubusercontent.com/kent-map/kent/main/20c/images/thumbnail_Richborough Ferry 1916-19 PC19-077.jpg	
	seascape	index													https://iiif.juncture-digital.org/thumbnail?url=https://raw.githubusercontent.com/kent-map/kent/main/19c/images/erebus.jpg	
	seascape	index													https://iiif.juncture-digital.org/thumbnail?url=https://raw.githubusercontent.com/kent-map/kent/main/20c/images/The Goodwin Sands img-019.jpg	
	austen	austen-ramsgate													/images/View of Ramsgate Town and Harbour.jpg	
		austen-chilham-castle							© Martin Crowther					Chilham Castle	images/chilhamcastle.jpg	
		austen-chilham-castle							© Martin Crowther					Chilham Castle	images/Chilham Castle MJC.jpg	
	austen	index													https://iiif.juncture-digital.org/thumbnail?url=https://upload.wikimedia.org/wikipedia/commons/5/50/The_Watsons_Manuscript.jpg	
	austen	index													https://iiif.juncture-digital.org/thumbnail?url=https://raw.githubusercontent.com/kent-map/kent/main/austen/images/CanterburyRoper1806 DETAIL.JPG	
	austen	index													https://iiif.juncture-digital.org/thumbnail?url=https://raw.githubusercontent.com/kent-map/kent/main/austen/images/Chilham Castle MJC.jpg	
	austen	index													https://iiif.juncture-digital.org/thumbnail?url=https://upload.wikimedia.org/wikipedia/commons/b/b3/Godmersham_%281779%29.jpg	
	austen	index													https://iiif.juncture-digital.org/thumbnail?url=https://raw.githubusercontent.com/kent-map/kent/main/austen/images/View of Ramsgate Town and Harbour.jpg	
	austen	index													https://iiif.juncture-digital.org/thumbnail?url=https://upload.wikimedia.org/wikipedia/commons/4/4c/Patrick_Nasmyth_%281787-1831%29_-_View_near_Sevenoaks%2C_Kent_-_N01178_-_National_Gallery.jpg	
	austen	index													https://iiif.juncture-digital.org/thumbnail?url=https://upload.wikimedia.org/wikipedia/commons/f/f4/Chalybeate_Spring%2C_Tunbridge_Wells.jpg	
	austen	austen-canterbury													/austen/images/CanterburyRoper 1806 DETAIL.JPG	
	16c	index													https://iiif.juncture-digital.org/thumbnail?url=https://raw.githubusercontent.com/kent-map/kent/main/16c/images/Ardenhouse.jpg	
		16c-arden-faversham							John K  Thorne, CC BY 2.0, via Wikimedia Commons					Faversham Abbey	https://upload.wikimedia.org/wikipedia/commons/a/a0/Faversham_Abbey_Site_-_48474928356.jpg	
		16c-arden-faversham												The house where Thomas Arden lived and was killed in 1551	https://upload.wikimedia.org/wikipedia/commons/7/77/From_Faversham%2C_Kent_%285975113667%29.jpg	
		16c-arden-faversham												Arden Plaque	images/Ardenplaque.jpg	
		16c-arden-faversham							Martin Droeshout, Public domain, via Wikimedia Commons					Shakespeare, 1623	https://upload.wikimedia.org/wikipedia/commons/3/36/Shakespeare_Droeshout_1623.jpg	
		16c-arden-faversham							Edward White, Public domain, via Wikimedia Commons					Arden of Faversham first quarto page	https://upload.wikimedia.org/wikipedia/commons/8/8d/Arden_of_Faversham_first_quarto_title_page.jpg	
		16c-arden-faversham							Poliphilo, CC0, via Wikimedia Commons					Arden's House	https://upload.wikimedia.org/wikipedia/commons/3/38/Arden%27s_House%2C_Faversham.JPG	
		16c-arden-faversham							William Stukeley, Public domain, via Wikimedia Commons					Ruins of Faversham Abbey	https://upload.wikimedia.org/wikipedia/commons/3/36/Ruins_Of_Faversham_Abbey%2C_Stukeley%2C_1722.jpg	
		21c-waterstones-canterbury							Photogaphed by Martin Crowther, March 2021					Waterstones, Rose Lane, Canterbury	images/Waterstones March 2021 MJC.jpg	
		21c-waterstones-canterbury							Palickap, CC BY-SA 3.0 via Wikimedia Commons					Canterbury High Street	https://upload.wikimedia.org/wikipedia/commons/7/71/Canterbury%2C_High_Street_02.jpg	
		21c-waterstones-canterbury							Photographed by Matt McArdle					Nigella Lawson	images/Waterstones Nigella Lawson.jpg	
		21c-waterstones-canterbury							Photographed by Matt McArdle					A.S.Byatt	images/Waterstones A. S. Byatt.JPG	
		21c-waterstones-canterbury							Photographed by Matt McArdle					Tony Benn	images/Waterstones Benn.jpg	
		21c-waterstones-canterbury							Photograph by Matt McArdle					Roy Jenkins	images/Waterstones Roy Jenkins.jpg	
		21c-waterstones-canterbury							Photograph by Matt McArdle					Colin Dexter	images/Waterstones Colin Dexter.jpg	
		21c-waterstones-canterbury												Terence Stamp	images/Waterstones Terence Stamp.jpg	
		21c-waterstones-canterbury							Photograph by Matt McArdle					JK Rowling	images/Waterstones JK Rowling.jpg	
		21c-waterstones-canterbury							Photograph by Matt McArdle					Umberto Eco	images/Waterstones ECO.jpg	
		21c-waterstones-canterbury							Photograph by Matt McArdle					Waterstones rocking horses	images/Waterstones rocking horses.jpg	
		21c-waterstones-canterbury							Photogaphed by Martin Crowther, March 2021					20-21 St Margaret's Street	images/Former site of Waterstones March 2021 MJC.jpg	
		21c-margate-lunchtime							Heather Murdoch					Mermaid	images/Kent Maps Mermaid Transparent.jpg	
		21c-margate-lunchtime							Emőke Dénes, CC BY-SA 4.0 via Wikimedia Commons					Margate Shell Grotto	https://upload.wikimedia.org/wikipedia/commons/c/cd/Shell_Grotto%2C_Margate%2C_Kent_18_-_2011.09.17.jpg	
		21c-margate-lunchtime												Nick Smith / Margate beach, deserted in October sunshine	https://upload.wikimedia.org/wikipedia/commons/f/f8/Margate_beach%2C_deserted_in_October_sunshine_-_geograph.org.uk_-_1032944.jpg	
		21c-margate-lunchtime												Chris Whippet/ Margate Clock Tower, geograph.org.uk, via Wikimedia Commons	https://upload.wikimedia.org/wikipedia/commons/4/43/Margate_Clock_Tower_-_geograph.org.uk_-_1715234.jpg	
		21c-margate-lunchtime												Chris Whippet/ Northern Belle, geograph.org.uk, via Wikimedia Commons	https://upload.wikimedia.org/wikipedia/commons/9/93/Northern_Belle%2C_Margate_-_geograph.org.uk_-_1715327.jpg	
		21c-margate-lunchtime												Mark Holihan	images/thumbnail_margate.jpg	
		21c-kent-journal-extracts												J. M. W. Turner, Public domain, via Wikimedia Commons	https://upload.wikimedia.org/wikipedia/commons/c/cb/Joseph_Mallord_William_Turner_%281775-1851%29_-_Margate_-_T03876_-_Tate.jpg	
		21c-kent-journal-extracts												Oast House Archive / Canterbury bus interchange	https://upload.wikimedia.org/wikipedia/commons/8/82/Canterbury_bus_interchange_-_geograph.org.uk_-_2910956.jpg	
		21c-kent-journal-extracts												Oare Marshes © Astrid Stilma	images/Oare Marshes.jpeg	
		21c-kent-journal-extracts												David Anstiss / Footpath on Monkshill Road	https://upload.wikimedia.org/wikipedia/commons/0/0f/Footpath_on_Monkshill_Road_-_geograph.org.uk_-_1559327.jpg	
		21c-kent-journal-extracts												David Anstiss / The Anchor Public House, Faversham	https://upload.wikimedia.org/wikipedia/commons/0/00/The_Anchor_Public_House%2C_Faversham_-_geograph.org.uk_-_1728967.jpg	
		21c-kent-journal-extracts												pam fray, CC BY-SA 2.0, via Wikimedia Commons	https://upload.wikimedia.org/wikipedia/commons/6/62/The_church_of_St.Mary_Magdalen%2C_Davington_-_geograph.org.uk_-_1276737.jpg	
		21c-kent-journal-extracts												Hywel Williams / Country road on the Hoo Peninsula	https://upload.wikimedia.org/wikipedia/commons/3/30/Country_road_on_the_Hoo_Peninsula_-_geograph.org.uk_-_44200.jpg	
		21c-kent-journal-extracts												Joshua Brown from Ashford, Kent, United Kingdom, CC BY-SA 2.0, via Wikimedia Commons	https://upload.wikimedia.org/wikipedia/commons/d/de/Faversham_Station_%2816485929108%29.jpg	
		21c-kent-journal-extracts												pam fray / Footpath to Goodnestone	https://upload.wikimedia.org/wikipedia/commons/7/7a/Footpath_to_Goodnestone_-_geograph.org.uk_-_1500091.jpg	
		21c-kent-journal-extracts												Édouard Manet, Public domain, via Wikimedia Commons	https://upload.wikimedia.org/wikipedia/commons/0/0d/Edouard_Manet%2C_A_Bar_at_the_Folies-Berg%C3%A8re.jpg	
	21c	21c-margate													images/Margate signs.jpg	
	21c	21c-margate													images/Margate statue.JPG	
	21c	21c-travellers-joy													images/PigrimsMJC.jpg	
	21c	21c-travellers-joy													images/TravellersJoyMJC.jpg	
	21c	21c-travellers-joy													images/railwaybridge2.JPG	
	21c	index													https://iiif.juncture-digital.org/thumbnail?url=https://raw.githubusercontent.com/kent-map/kent/main/images/thumbnails/21c.jpg	
	21c	index													https://iiif.juncture-digital.org/thumbnail?url=https://raw.githubusercontent.com/kent-map/kent/main/21c/images/TravellersJoyMJC.jpg	
	21c	index													https://iiif.juncture-digital.org/thumbnail?url=https://raw.githubusercontent.com/kent-map/kent/main/21c/images/Faversham across Ham Marshes 1.jpeg	
	21c	index													https://iiif.juncture-digital.org/thumbnail?url=https://raw.githubusercontent.com/kent-map/kent/main/21c/images/Waterstones rocking horses.jpg	
	21c	index													https://iiif.juncture-digital.org/thumbnail?url=https://raw.githubusercontent.com/kent-map/kent/main/21c/images/eliot5.JPG	
	21c	index													https://iiif.juncture-digital.org/thumbnail?url=https://raw.githubusercontent.com/kent-map/kent/main/21c/images/Margate signs.jpg	
	landscape	index													https://iiif.juncture-digital.org/thumbnail?url=https://raw.githubusercontent.com/kent-map/kent/main/landscape/images/IMG_3010.JPG	
	landscape	index													https://iiif.juncture-digital.org/thumbnail?url=https://raw.githubusercontent.com/kent-map/kent/main/landscape/images/HopbinMJC.jpg	
	landscape	index													https://iiif.juncture-digital.org/thumbnail?url=https://raw.githubusercontent.com/kent-map/kent/main/landscape/images/IMG_2985.JPG	
	landscape	index													https://iiif.juncture-digital.org/thumbnail?url=https://raw.githubusercontent.com/kent-map/kent/main/landscape/images/IMG_2546.JPG	
	landscape	index													https://iiif.juncture-digital.org/thumbnail?url=https://raw.githubusercontent.com/kent-map/kent/main/20c/images/IllustratedhoppingMJC1.JPG	
	landscape	index													https://iiif.juncture-digital.org/thumbnail?url=https://raw.githubusercontent.com/kent-map/kent/main/20c/images/Hop pickers.jpg	
	18c	18c-bloody-code													/18c/images/Death warrant.jpeg	
	18c	18c-bloody-code													/18c/images/1U8A1283-01.jpeg	
	18c	index													https://iiif.juncture-digital.org/thumbnail?url=https://raw.githubusercontent.com/kent-map/kent/main/18c/images/1U8A1283-01.jpeg	
	18c	index													https://iiif.juncture-digital.org/thumbnail?url=https://raw.githubusercontent.com/kent-map/kent/main/18c/images/KentishGazetteMC.JPG	
		18c-kentish-gazette							© Martin Crowther					Kentish Gazette	images/KentishGazetteMC.JPG	
		18c-kentish-gazette							© Martin Crowther					James Simmons House, Canterbury 	images/ask MJC.jpg	
		18c-kentish-gazette							© Martin Crowther					Tomb of the worthy Alderman James Simmons	images/simmons MJC.jpg	
		18c-kentish-gazette							Adam Bishop, CC BY-SA 3.0, via Wikimedia Commons					Commemorative plaque to the Bedeker Raid on Canterbury	https://upload.wikimedia.org/wikipedia/commons/8/8d/St_George%27s_Tower_Canterbury_plaque.JPG	
